request_id,op,filename,bytes,rounds,forfeited_bytes,arrival_ns,start_ns,finish_ns
1,PUT,large.txt,153600,1,0,1862304568092000,1862304568106000,1862304568605000
2,PUT,longline.txt,160008,1,0,1862304568808000,1862304568811000,1862304569234000
3,PUT,medium.txt,30720,1,0,1862304569389000,1862304569392000,1862304569631000
4,PUT,small.txt,1024,1,0,1862304569759000,1862304569761000,1862304569949000
5,GET,longline.txt,160008,1,0,1862304570191000,1862304570193000,1862304570868000
6,GET,longline.txt,160008,1,0,1862304570256000,1862304570276000,1862304571048000
7,PUT,small.txt,1024,1,0,1862304570258000,1862304570264000,1862304570550000
8,GET,longline.txt,160008,1,0,1862304570265000,1862304570293000,1862304571024000
9,GET,longline.txt,160008,1,0,1862304570324000,1862304570817000,1862304571503000
10,PUT,medium.txt,30720,1,0,1862304570354000,1862304570554000,1862304570814000
11,PUT,longline.txt,160008,1,0,1862304570361000,1862304570873000,1862304571519000
12,PUT,longline.txt,160008,1,0,1862304570383000,1862304571051000,1862304571880000
13,PUT,large.txt,153600,1,0,1862304570907000,1862304571027000,1862304571895000
14,PUT,large.txt,153600,1,0,1862304571294000,1862304571877000,1862304573522000
15,PUT,medium.txt,30720,1,0,1862304571360000,1862304571505000,1862304571875000
16,GET,medium.txt,30720,1,0,1862304571437000,1862304571522000,1862304584751000
17,PUT,large.txt,153600,1,0,1862304571445000,1862304571883000,1862304573828000
18,PUT,longline.txt,160008,1,0,1862304571865000,1862304571897000,1862304573712000
19,PUT,longline.txt,160008,1,0,1862304571878000,1862304573895000,1862304574483000
20,GET,small.txt,1024,1,0,1862304572238000,1862304573525000,1862304573893000
21,PUT,longline.txt,160008,1,0,1862304572334000,1862304574487000,1862304574915000
22,PUT,large.txt,153600,1,0,1862304572336000,1862304573715000,1862304574457000
23,GET,medium.txt,30720,1,0,1862304573726000,1862304573831000,1862304587047000
24,GET,small.txt,1024,1,0,1862304574178000,1862304574461000,1862304574808000
25,PUT,longline.txt,160008,1,0,1862304574209000,1862304575159000,1862304575635000
26,GET,longline.txt,160008,1,0,1862304574217000,1862304575489000,1862304576265000
27,GET,small.txt,1024,1,0,1862304574753000,1862304574811000,1862304575156000
28,PUT,medium.txt,30720,1,0,1862304574766000,1862304574918000,1862304575128000
29,GET,small.txt,1024,1,0,1862304574943000,1862304575130000,1862304575485000
30,PUT,longline.txt,160008,1,0,1862304575264000,1862304575637000,1862304576125000
31,GET,longline.txt,160008,1,0,1862304575399000,1862304576269000,1862304577070000
32,GET,longline.txt,160008,1,0,1862304575419000,1862304577651000,1862304578286000
33,GET,longline.txt,160008,1,0,1862304575684000,1862304585859000,1862304587381000
34,GET,large.txt,153600,1,0,1862304575947000,1862304576128000,1862304651555000
35,PUT,medium.txt,30720,1,0,1862304576821000,1862304577073000,1862304577306000
36,PUT,longline.txt,160008,1,0,1862304576825000,1862304587050000,1862304587868000
37,GET,small.txt,1024,1,0,1862304577223000,1862304577309000,1862304577648000
38,PUT,longline.txt,160008,1,0,1862304577595000,1862304587871000,1862304588714000
39,GET,small.txt,1024,1,0,1862304577789000,1862304578288000,1862304578835000
40,PUT,small.txt,1024,1,0,1862304578683000,1862304578847000,1862304579328000
41,GET,small.txt,1024,1,0,1862304578971000,1862304579329000,1862304579906000
42,GET,large.txt,153600,1,0,1862304579459000,1862304579913000,1862304658861000
43,PUT,small.txt,1024,1,0,1862304580068000,1862304584760000,1862304585309000
44,PUT,medium.txt,30720,1,0,1862304584851000,1862304585318000,1862304585853000
45,GET,longline.txt,160008,1,0,1862304585478000,1862304588716000,1862304589679000
46,GET,longline.txt,160008,1,0,1862304586017000,1862304659322000,1862304660239000
47,GET,small.txt,1024,1,0,1862304587217000,1862304587383000,1862304587789000
48,PUT,medium.txt,30720,1,0,1862304587603000,1862304587791000,1862304588090000
49,PUT,medium.txt,30720,1,0,1862304587995000,1862304588092000,1862304588398000
50,PUT,longline.txt,160008,1,0,1862304588169000,1862304662912000,1862304663788000
51,PUT,medium.txt,30720,1,0,1862304588202000,1862304588400000,1862304588712000
52,PUT,large.txt,153600,1,0,1862304588590000,1862304588714000,1862304589129000
53,GET,large.txt,153600,1,0,1862304588835000,1862304589540000,1862304662851000
54,GET,small.txt,1024,1,0,1862304588888000,1862304589131000,1862304589538000
55,PUT,large.txt,153600,1,0,1862304589309000,1862304589680000,1862304590456000
56,GET,large.txt,153600,1,0,1862304589625000,1862304591089000,1862304667370000
57,PUT,small.txt,1024,1,0,1862304589952000,1862304590709000,1862304591081000
58,PUT,longline.txt,160008,1,0,1862304590878000,1862304664476000,1862304664993000
59,GET,large.txt,153600,1,0,1862304591244000,1862304651559000,1862304727380000
60,GET,small.txt,1024,1,0,1862304651764000,1862304658865000,1862304659319000
61,GET,longline.txt,160008,1,0,1862304658987000,1862304664995000,1862304665867000
62,GET,small.txt,1024,1,0,1862304659454000,1862304660242000,1862304660646000
63,PUT,small.txt,1024,1,0,1862304660360000,1862304660648000,1862304660959000
64,PUT,large.txt,153600,1,0,1862304660851000,1862304660966000,1862304661594000
65,GET,small.txt,1024,1,0,1862304661163000,1862304661597000,1862304661976000
66,GET,small.txt,1024,1,0,1862304661792000,1862304661977000,1862304662390000
67,PUT,small.txt,1024,1,0,1862304662095000,1862304662391000,1862304662608000
68,PUT,large.txt,153600,1,0,1862304662562000,1862304662610000,1862304663258000
69,PUT,large.txt,153600,1,0,1862304663021000,1862304663633000,1862304664189000
70,PUT,medium.txt,30720,1,0,1862304663045000,1862304663260000,1862304663631000
71,GET,longline.txt,160008,1,0,1862304663423000,1862304667684000,1862304668414000
72,GET,large.txt,153600,1,0,1862304663731000,1862304663794000,1862304738702000
73,PUT,medium.txt,30720,1,0,1862304663999000,1862304664191000,1862304664466000
74,GET,longline.txt,160008,1,0,1862304664289000,1862304668496000,1862304669300000
75,PUT,large.txt,153600,1,0,1862304665203000,1862304667094000,1862304667682000
76,PUT,small.txt,1024,1,0,1862304665234000,1862304665869000,1862304666417000
77,PUT,medium.txt,30720,1,0,1862304666067000,1862304666425000,1862304667085000
78,GET,longline.txt,160008,1,0,1862304666672000,1862304727393000,1862304728278000
79,PUT,small.txt,1024,1,0,1862304667269000,1862304667373000,1862304667627000
80,GET,small.txt,1024,1,0,1862304667517000,1862304667629000,1862304668156000
81,PUT,small.txt,1024,1,0,1862304667818000,1862304668165000,1862304668486000
82,PUT,longline.txt,160008,1,0,1862304667960000,1862304738779000,1862304739336000
83,GET,small.txt,1024,1,0,1862304668248000,1862304668416000,1862304668826000
84,GET,large.txt,153600,1,0,1862304668579000,1862304669068000,1862304743839000
85,PUT,medium.txt,30720,1,0,1862304668582000,1862304668827000,1862304669066000
86,PUT,large.txt,153600,1,0,1862304669074000,1862304669302000,1862304670092000
87,PUT,longline.txt,160008,1,0,1862304669210000,1862304739338000,1862304739837000
88,GET,large.txt,153600,1,0,1862304669488000,1862304670093000,1862304746324000
89,GET,longline.txt,160008,1,0,1862304670244000,1862304740382000,1862304741952000
90,PUT,large.txt,153600,1,0,1862304727710000,1862304728283000,1862304728906000
91,GET,medium.txt,30720,1,0,1862304728393000,1862304728908000,1862304745534000
92,GET,longline.txt,160008,1,0,1862304728983000,1862304742940000,1862304743876000
93,PUT,longline.txt,160008,1,0,1862304738831000,1862304743878000,1862304744561000
94,PUT,medium.txt,30720,1,0,1862304739502000,1862304739839000,1862304740379000
95,GET,longline.txt,160008,1,0,1862304740017000,1862304745537000,1862304746293000
96,GET,small.txt,1024,1,0,1862304740888000,1862304741964000,1862304742554000
97,PUT,small.txt,1024,1,0,1862304742023000,1862304742556000,1862304742930000
98,PUT,longline.txt,160008,1,0,1862304742817000,1862304745723000,1862304747061000
99,GET,large.txt,153600,1,0,1862304742944000,1862304743847000,1862304841095000
100,PUT,large.txt,153600,1,0,1862304744091000,1862304744564000,1862304744971000
101,PUT,longline.txt,160008,1,0,1862304744094000,1862304750332000,1862304751028000
102,GET,small.txt,1024,1,0,1862304744727000,1862304744974000,1862304745720000
103,GET,longline.txt,160008,1,0,1862304745116000,1862304752578000,1862304753565000
104,GET,medium.txt,30720,1,0,1862304745732000,1862304746327000,1862304761728000
105,GET,small.txt,1024,1,0,1862304745870000,1862304746295000,1862304746754000
106,PUT,small.txt,1024,1,0,1862304746714000,1862304746756000,1862304747062000
107,GET,large.txt,153600,1,0,1862304746723000,1862304747083000,1862304842709000
108,PUT,medium.txt,30720,1,0,1862304746879000,1862304747074000,1862304747694000
109,GET,small.txt,1024,1,0,1862304747192000,1862304747701000,1862304748814000
110,PUT,large.txt,153600,1,0,1862304747335000,1862304749169000,1862304750329000
111,PUT,small.txt,1024,1,0,1862304747817000,1862304748824000,1862304749167000
112,GET,longline.txt,160008,1,0,1862304748916000,1862304852372000,1862304853452000
113,GET,longline.txt,160008,1,0,1862304749536000,1862304853454000,1862304854503000
114,GET,small.txt,1024,1,0,1862304750586000,1862304751030000,1862304751545000
115,GET,small.txt,1024,1,0,1862304751173000,1862304751555000,1862304752088000
116,GET,small.txt,1024,1,0,1862304751641000,1862304752090000,1862304752577000
117,PUT,longline.txt,160008,1,0,1862304752340000,1862304860919000,1862304861435000
118,GET,large.txt,153600,1,0,1862304752656000,1862304753567000,1862304851676000
119,GET,medium.txt,30720,1,0,1862304753634000,1862304761732000,1862304777718000
120,GET,medium.txt,30720,1,0,1862304761973000,1862304777722000,1862304794152000
121,GET,medium.txt,30720,1,0,1862304777894000,1862304794156000,1862304809657000
122,GET,small.txt,1024,1,0,1862304794346000,1862304809662000,1862304810209000
123,PUT,large.txt,153600,1,0,1862304810102000,1862304810211000,1862304810896000
124,PUT,large.txt,153600,1,0,1862304810544000,1862304810899000,1862304811552000
125,GET,small.txt,1024,1,0,1862304811019000,1862304811554000,1862304812047000
126,PUT,medium.txt,30720,1,0,1862304811690000,1862304812049000,1862304812359000
127,PUT,small.txt,1024,1,0,1862304812138000,1862304812361000,1862304812599000
128,GET,large.txt,153600,1,0,1862304812460000,1862304812601000,1862304903324000
129,GET,medium.txt,30720,1,0,1862304812698000,1862304841100000,1862304860396000
130,GET,medium.txt,30720,1,0,1862304841259000,1862304842712000,1862304860858000
131,PUT,small.txt,1024,1,0,1862304842887000,1862304851683000,1862304852363000
132,GET,longline.txt,160008,1,0,1862304851878000,1862304878853000,1862304879843000
133,GET,longline.txt,160008,1,0,1862304852554000,1862304879853000,1862304880779000
134,GET,medium.txt,30720,1,0,1862304853547000,1862304854505000,1862304873004000
135,PUT,large.txt,153600,1,0,1862304854643000,1862304860400000,1862304860918000
136,GET,large.txt,153600,1,0,1862304860613000,1862304860867000,1862304953960000
137,GET,medium.txt,30720,1,0,1862304861021000,1862304861437000,1862304878186000
138,GET,medium.txt,30720,1,0,1862304861097000,1862304873554000,1862304890540000
139,PUT,small.txt,1024,1,0,1862304861574000,1862304873006000,1862304873550000
140,PUT,longline.txt,160008,1,0,1862304873221000,1862304880782000,1862304881328000
141,PUT,medium.txt,30720,1,0,1862304873753000,1862304878194000,1862304878846000
142,PUT,longline.txt,160008,1,0,1862304878456000,1862304905402000,1862304906250000
143,GET,longline.txt,160008,1,0,1862304878990000,1862304928418000,1862304929322000
144,GET,longline.txt,160008,1,0,1862304879986000,1862304929983000,1862304931628000
145,GET,large.txt,153600,1,0,1862304880958000,1862304881336000,1862304973193000
146,GET,medium.txt,30720,1,0,1862304881495000,1862304890593000,1862304910186000
147,GET,small.txt,1024,1,0,1862304890752000,1862304903332000,1862304904144000
148,GET,small.txt,1024,1,0,1862304903494000,1862304904146000,1862304904797000
149,PUT,medium.txt,30720,1,0,1862304904328000,1862304904799000,1862304905139000
150,PUT,small.txt,1024,1,0,1862304904952000,1862304905140000,1862304905400000
151,PUT,large.txt,153600,1,0,1862304905517000,1862304926318000,1862304927481000
152,PUT,small.txt,1024,1,0,1862304905574000,1862304906257000,1862304906777000
153,PUT,medium.txt,30720,1,0,1862304906491000,1862304906781000,1862304907485000
154,GET,medium.txt,30720,1,0,1862304907453000,1862304907494000,1862304925580000
155,GET,medium.txt,30720,1,0,1862304907766000,1862304910189000,1862304927373000
156,PUT,medium.txt,30720,1,0,1862304910342000,1862304925588000,1862304926310000
157,PUT,large.txt,153600,1,0,1862304925846000,1862304927376000,1862304927941000
158,PUT,longline.txt,160008,1,0,1862304926548000,1862304946123000,1862304946917000
159,GET,small.txt,1024,1,0,1862304927431000,1862304927486000,1862304928271000
160,PUT,small.txt,1024,1,0,1862304927651000,1862304927943000,1862304928411000
161,GET,medium.txt,30720,1,0,1862304928085000,1862304928277000,1862304946098000
162,PUT,longline.txt,160008,1,0,1862304928431000,1862304946919000,1862304947524000
163,PUT,large.txt,153600,1,0,1862304928565000,1862304929324000,1862304929946000
164,GET,longline.txt,160008,1,0,1862304929464000,1862304947987000,1862304949507000
165,GET,large.txt,153600,1,0,1862304930356000,1862304931634000,1862305029581000
166,PUT,longline.txt,160008,1,0,1862304931815000,1862304954395000,1862304955371000
167,GET,longline.txt,160008,1,0,1862304946187000,1862304975126000,1862304976120000
168,PUT,medium.txt,30720,1,0,1862304947113000,1862304947536000,1862304947985000
169,GET,longline.txt,160008,1,0,1862304947749000,1862304976653000,1862304977522000
170,GET,large.txt,153600,1,0,1862304948192000,1862304949521000,1862305046660000
171,PUT,small.txt,1024,1,0,1862304949601000,1862304953967000,1862304954392000
172,GET,longline.txt,160008,1,0,1862304954129000,1862304995601000,1862304996620000
173,GET,large.txt,153600,1,0,1862304954510000,1862304955380000,1862305055396000
174,PUT,small.txt,1024,1,0,1862304955496000,1862304973212000,1862304973865000
175,PUT,small.txt,1024,1,0,1862304973705000,1862304973874000,1862304974329000
176,GET,small.txt,1024,1,0,1862304974072000,1862304974331000,1862304975123000
177,PUT,longline.txt,160008,1,0,1862304974595000,1862305046664000,1862305047708000
178,PUT,large.txt,153600,1,0,1862304975296000,1862304976123000,1862304976652000
179,PUT,longline.txt,160008,1,0,1862304976340000,1862305048761000,1862305049298000
180,GET,medium.txt,30720,1,0,1862304976831000,1862304977529000,1862304995592000
181,PUT,longline.txt,160008,1,0,1862304977634000,1862305057709000,1862305058889000
182,GET,small.txt,1024,1,0,1862304995714000,1862304996623000,1862304997095000
183,PUT,small.txt,1024,1,0,1862304996764000,1862304997097000,1862304997408000
184,GET,large.txt,153600,1,0,1862304997326000,1862304997419000,1862305092692000
185,GET,large.txt,153600,1,0,1862304997548000,1862305029585000,1862305124273000
186,PUT,longline.txt,160008,1,0,1862305029800000,1862305076712000,1862305077345000
187,PUT,medium.txt,30720,1,0,1862305046939000,1862305047711000,1862305048006000
188,GET,small.txt,1024,1,0,1862305047942000,1862305048008000,1862305048474000
189,PUT,small.txt,1024,1,0,1862305048159000,1862305048476000,1862305048759000
190,PUT,longline.txt,160008,1,0,1862305048650000,1862305108515000,1862305109644000
191,PUT,small.txt,1024,1,0,1862305048881000,1862305049300000,1862305049632000
192,GET,large.txt,153600,1,0,1862305049548000,1862305049648000,1862305145396000
193,GET,small.txt,1024,1,0,1862305049811000,1862305055399000,1862305055955000
194,PUT,large.txt,153600,1,0,1862305055612000,1862305055960000,1862305056577000
195,PUT,large.txt,153600,1,0,1862305056251000,1862305056579000,1862305057701000
196,GET,longline.txt,160008,1,0,1862305056765000,1862305142652000,1862305143912000
197,PUT,small.txt,1024,1,0,1862305057941000,1862305058891000,1862305059148000
198,GET,small.txt,1024,1,0,1862305059053000,1862305059152000,1862305059601000
199,GET,medium.txt,30720,1,0,1862305059320000,1862305059609000,1862305075949000
200,GET,small.txt,1024,1,0,1862305059752000,1862305075961000,1862305076709000
201,PUT,longline.txt,160008,1,0,1862305076291000,1862305221186000,1862305221966000
202,PUT,small.txt,1024,1,0,1862305076884000,1862305077347000,1862305077590000
203,GET,large.txt,153600,1,0,1862305077455000,1862305077591000,1862305172033000
204,GET,medium.txt,30720,1,0,1862305077705000,1862305092695000,1862305108510000
205,PUT,longline.txt,160008,1,0,1862305092868000,1862305228559000,1862305229148000
206,PUT,small.txt,1024,1,0,1862305108709000,1862305109648000,1862305109920000
207,PUT,medium.txt,30720,1,0,1862305109902000,1862305109922000,1862305110235000
208,PUT,small.txt,1024,1,0,1862305110055000,1862305110243000,1862305110843000
209,PUT,medium.txt,30720,1,0,1862305110326000,1862305110849000,1862305111857000
210,GET,large.txt,153600,1,0,1862305110961000,1862305111863000,1862305206152000
211,PUT,large.txt,153600,1,0,1862305112108000,1862305124284000,1862305125027000
212,GET,small.txt,1024,1,0,1862305124457000,1862305125030000,1862305125579000
213,GET,medium.txt,30720,1,0,1862305125305000,1862305125583000,1862305142187000
214,PUT,medium.txt,30720,1,0,1862305125808000,1862305142192000,1862305142645000
215,PUT,longline.txt,160008,1,0,1862305142522000,1862305230022000,1862305230523000
216,PUT,large.txt,153600,1,0,1862305142923000,1862305143915000,1862305144594000
217,GET,large.txt,153600,1,0,1862305144015000,1862305144596000,1862305227330000
218,GET,small.txt,1024,1,0,1862305144729000,1862305145399000,1862305146190000
219,GET,large.txt,153600,1,0,1862305145854000,1862305146200000,1862305228557000
220,GET,large.txt,153600,1,0,1862305146292000,1862305172037000,1862305247994000
221,PUT,medium.txt,30720,1,0,1862305172201000,1862305206157000,1862305206932000
222,PUT,large.txt,153600,1,0,1862305206367000,1862305206935000,1862305207846000
223,GET,small.txt,1024,1,0,1862305207171000,1862305207848000,1862305208250000
224,PUT,medium.txt,30720,1,0,1862305208138000,1862305208253000,1862305208522000
225,PUT,medium.txt,30720,1,0,1862305208461000,1862305208524000,1862305208802000
226,GET,medium.txt,30720,1,0,1862305208651000,1862305208804000,1862305220712000
227,PUT,small.txt,1024,1,0,1862305208924000,1862305220715000,1862305221175000
228,GET,longline.txt,160008,1,0,1862305220823000,1862305234918000,1862305236248000
229,GET,medium.txt,30720,1,0,1862305221255000,1862305221968000,1862305234909000
230,GET,large.txt,153600,1,0,1862305222119000,1862305227333000,1862305304062000
231,GET,longline.txt,160008,1,0,1862305227444000,1862305248952000,1862305250119000
232,PUT,medium.txt,30720,1,0,1862305228720000,1862305229150000,1862305229492000
233,PUT,large.txt,153600,1,0,1862305229372000,1862305229500000,1862305230020000
234,PUT,longline.txt,160008,1,0,1862305229851000,1862305250376000,1862305251048000
235,PUT,large.txt,153600,1,0,1862305230292000,1862305230531000,1862305231364000
236,GET,large.txt,153600,1,0,1862305230618000,1862305231366000,1862305309258000
237,PUT,longline.txt,160008,1,0,1862305231721000,1862305403500000,1862305403957000
238,GET,large.txt,153600,1,0,1862305234999000,1862305236251000,1862305317748000
239,PUT,small.txt,1024,1,0,1862305236391000,1862305247997000,1862305248284000
240,PUT,medium.txt,30720,1,0,1862305248144000,1862305248286000,1862305248531000
241,PUT,large.txt,153600,1,0,1862305248470000,1862305248532000,1862305248950000
242,GET,longline.txt,160008,1,0,1862305248627000,1862305403971000,1862305405022000
243,PUT,medium.txt,30720,1,0,1862305249085000,1862305250121000,1862305250374000
244,PUT,longline.txt,160008,1,0,1862305250301000,1862305405029000,1862305406309000
245,GET,medium.txt,30720,1,0,1862305250546000,1862305251050000,1862305264474000
246,GET,medium.txt,30720,1,0,1862305251188000,1862305264483000,1862305277642000
247,PUT,medium.txt,30720,1,0,1862305264582000,1862305277645000,1862305277970000
248,PUT,small.txt,1024,1,0,1862305277896000,1862305277973000,1862305278572000
249,PUT,large.txt,153600,1,0,1862305278153000,1862305278574000,1862305279115000
250,PUT,large.txt,153600,1,0,1862305278887000,1862305279124000,1862305279722000
251,GET,medium.txt,30720,1,0,1862305279184000,1862305279723000,1862305296078000
252,PUT,medium.txt,30720,1,0,1862305279949000,1862305296082000,1862305296662000
253,GET,medium.txt,30720,1,0,1862305296234000,1862305296670000,1862305314055000
254,PUT,small.txt,1024,1,0,1862305296798000,1862305304065000,1862305304370000
255,GET,large.txt,153600,1,0,1862305304299000,1862305304373000,1862305401604000
256,GET,large.txt,153600,1,0,1862305304541000,1862305309262000,1862305409714000
257,GET,large.txt,153600,1,0,1862305309437000,1862305314057000,1862305412824000
258,GET,large.txt,153600,1,0,1862305314181000,1862305317753000,1862305417817000
259,PUT,medium.txt,30720,1,0,1862305317999000,1862305401608000,1862305402056000
260,PUT,large.txt,153600,1,0,1862305401919000,1862305402060000,1862305402706000
261,GET,small.txt,1024,1,0,1862305402213000,1862305402708000,1862305403255000
262,PUT,small.txt,1024,1,0,1862305402875000,1862305403257000,1862305403498000
263,GET,longline.txt,160008,1,0,1862305403434000,1862305408703000,1862305409528000
264,GET,longline.txt,160008,1,0,1862305403649000,1862305409724000,1862305410597000
265,PUT,longline.txt,160008,1,0,1862305404186000,1862305417820000,1862305418742000
266,PUT,large.txt,153600,1,0,1862305405250000,1862305406314000,1862305407307000
267,PUT,medium.txt,30720,1,0,1862305406513000,1862305407309000,1862305407963000
268,GET,small.txt,1024,1,0,1862305407937000,1862305407969000,1862305408701000
269,GET,longline.txt,160008,1,0,1862305408131000,1862305419254000,1862305420442000
270,GET,medium.txt,30720,1,0,1862305408856000,1862305409530000,1862305425603000
271,PUT,large.txt,153600,1,0,1862305409764000,1862305412349000,1862305413050000
272,GET,small.txt,1024,1,0,1862305409848000,1862305410600000,1862305411400000
273,GET,small.txt,1024,1,0,1862305410797000,1862305411407000,1862305412347000
274,PUT,longline.txt,160008,1,0,1862305411563000,1862305420450000,1862305421483000
275,PUT,small.txt,1024,1,0,1862305412564000,1862305412837000,1862305413438000
276,GET,large.txt,153600,1,0,1862305412976000,1862305413053000,1862305513127000
277,GET,large.txt,153600,1,0,1862305413195000,1862305413445000,1862305512116000
278,GET,longline.txt,160008,1,0,1862305413620000,1862305513134000,1862305514687000
279,GET,small.txt,1024,1,0,1862305418011000,1862305418744000,1862305419251000
280,GET,longline.txt,160008,1,0,1862305418942000,1862305532850000,1862305534181000
281,PUT,longline.txt,160008,1,0,1862305419444000,1862305610402000,1862305611352000
282,GET,medium.txt,30720,1,0,1862305420523000,1862305421485000,1862305440540000
283,GET,large.txt,153600,1,0,1862305421579000,1862305425606000,1862305526458000
284,GET,large.txt,153600,1,0,1862305425716000,1862305440554000,1862305543739000
285,PUT,medium.txt,30720,1,0,1862305440813000,1862305512121000,1862305512540000
286,GET,small.txt,1024,1,0,1862305512301000,1862305512542000,1862305513024000
287,GET,large.txt,153600,1,0,1862305512687000,1862305513026000,1862305610396000
288,PUT,small.txt,1024,1,0,1862305513219000,1862305514689000,1862305514965000
289,GET,medium.txt,30720,1,0,1862305513325000,1862305514967000,1862305531302000
290,GET,large.txt,153600,1,0,1862305514861000,1862305526463000,1862305628523000
291,PUT,large.txt,153600,1,0,1862305515112000,1862305531306000,1862305532033000
292,GET,longline.txt,160008,1,0,1862305526604000,1862305611355000,1862305612397000
293,PUT,large.txt,153600,1,0,1862305531635000,1862305532042000,1862305532840000
294,GET,longline.txt,160008,1,0,1862305532211000,1862305628530000,1862305630012000
295,PUT,medium.txt,30720,1,0,1862305533179000,1862305534196000,1862305534605000
296,GET,large.txt,153600,1,0,1862305534312000,1862305534607000,1862305633811000
297,GET,large.txt,153600,1,0,1862305534688000,1862305543756000,1862305643983000
298,PUT,longline.txt,160008,1,0,1862305543908000,1862305631574000,1862305632761000
299,PUT,longline.txt,160008,1,0,1862305610703000,1862305633841000,1862305634950000
300,PUT,small.txt,1024,1,0,1862305611535000,1862305612400000,1862305612674000
301,GET,medium.txt,30720,1,0,1862305612545000,1862305612676000,1862305628387000
302,PUT,medium.txt,30720,1,0,1862305612972000,1862305628391000,1862305628765000
303,PUT,small.txt,1024,1,0,1862305628569000,1862305628767000,1862305629001000
304,PUT,small.txt,1024,1,0,1862305628728000,1862305629003000,1862305629231000
305,PUT,small.txt,1024,1,0,1862305628965000,1862305629235000,1862305629448000
306,GET,medium.txt,30720,1,0,1862305629107000,1862305629885000,1862305648256000
307,GET,small.txt,1024,1,0,1862305629374000,1862305629450000,1862305629882000
308,PUT,large.txt,153600,1,0,1862305629743000,1862305630626000,1862305631571000
309,PUT,small.txt,1024,1,0,1862305630002000,1862305630019000,1862305630619000
310,PUT,longline.txt,160008,1,0,1862305630266000,1862305648259000,1862305649013000
311,PUT,longline.txt,160008,1,0,1862305630895000,1862305649016000,1862305649863000
312,PUT,large.txt,153600,1,0,1862305632109000,1862305632764000,1862305633250000
313,GET,small.txt,1024,1,0,1862305632915000,1862305633251000,1862305633838000
314,GET,large.txt,153600,1,0,1862305633459000,1862305633812000,1862305730106000
315,GET,medium.txt,30720,1,0,1862305633952000,1862305634960000,1862305653809000
316,PUT,longline.txt,160008,1,0,1862305634115000,1862305650223000,1862305650913000
317,GET,medium.txt,30720,1,0,1862305635022000,1862305643987000,1862305662687000
318,GET,longline.txt,160008,1,0,1862305644124000,1862305650916000,1862305652097000
319,GET,longline.txt,160008,1,0,1862305648419000,1862305653307000,1862305654261000
320,PUT,small.txt,1024,1,0,1862305649248000,1862305649871000,1862305650221000
321,PUT,longline.txt,160008,1,0,1862305650168000,1862305654141000,1862305655066000
322,PUT,longline.txt,160008,1,0,1862305650524000,1862305654267000,1862305655168000
323,PUT,large.txt,153600,1,0,1862305651183000,1862305652104000,1862305652795000
324,PUT,large.txt,153600,1,0,1862305652633000,1862305652800000,1862305653305000
325,PUT,longline.txt,160008,1,0,1862305652933000,1862305655679000,1862305656856000
326,PUT,medium.txt,30720,1,0,1862305653440000,1862305653811000,1862305654139000
327,PUT,longline.txt,160008,1,0,1862305654136000,1862305655980000,1862305657522000
328,PUT,medium.txt,30720,1,0,1862305654289000,1862305655076000,1862305655677000
329,PUT,medium.txt,30720,1,0,1862305654420000,1862305655170000,1862305655604000
330,GET,longline.txt,160008,1,0,1862305655189000,1862305656862000,1862305658209000
331,PUT,small.txt,1024,1,0,1862305655324000,1862305655618000,1862305655979000
332,GET,longline.txt,160008,1,0,1862305655852000,1862305658213000,1862305659053000
333,PUT,longline.txt,160008,1,0,1862305656673000,1862305680115000,1862305680709000
334,PUT,longline.txt,160008,1,0,1862305656721000,1862305732519000,1862305733275000
335,GET,large.txt,153600,1,0,1862305657452000,1862305657531000,1862305756492000
336,PUT,longline.txt,160008,1,0,1862305657696000,1862305754668000,1862305755177000
337,PUT,medium.txt,30720,1,0,1862305658347000,1862305659055000,1862305659371000
338,PUT,large.txt,153600,1,0,1862305659254000,1862305659374000,1862305659856000
339,PUT,medium.txt,30720,1,0,1862305659616000,1862305659859000,1862305660085000
340,GET,large.txt,153600,1,0,1862305659922000,1862305660086000,1862305757302000
341,GET,small.txt,1024,1,0,1862305660219000,1862305662690000,1862305663161000
342,GET,medium.txt,30720,1,0,1862305662772000,1862305663178000,1862305680113000
343,GET,longline.txt,160008,1,0,1862305663244000,1862305755179000,1862305756317000
344,PUT,large.txt,153600,1,0,1862305680553000,1862305680712000,1862305681333000
345,GET,medium.txt,30720,1,0,1862305680866000,1862305681335000,1862305698024000
346,GET,large.txt,153600,1,0,1862305681533000,1862305698029000,1862305793738000
347,PUT,medium.txt,30720,1,0,1862305698227000,1862305730119000,1862305730774000
348,PUT,large.txt,153600,1,0,1862305730344000,1862305730779000,1862305731898000
349,PUT,small.txt,1024,1,0,1862305730987000,1862305731908000,1862305732510000
350,PUT,longline.txt,160008,1,0,1862305732130000,1862305756326000,1862305758055000
351,GET,small.txt,1024,1,0,1862305732812000,1862305733278000,1862305733789000
352,PUT,small.txt,1024,1,0,1862305733421000,1862305733791000,1862305734314000
353,GET,medium.txt,30720,1,0,1862305734107000,1862305734316000,1862305754013000
354,PUT,medium.txt,30720,1,0,1862305734434000,1862305754017000,1862305754663000
355,PUT,longline.txt,160008,1,0,1862305754225000,1862305756495000,1862305757431000
356,PUT,longline.txt,160008,1,0,1862305754805000,1862305757437000,1862305758503000
357,GET,longline.txt,160008,1,0,1862305755364000,1862305758067000,1862305759350000
358,PUT,medium.txt,30720,1,0,1862305756639000,1862305757309000,1862305757983000
359,GET,longline.txt,160008,1,0,1862305756672000,1862305759354000,1862305760733000
360,GET,large.txt,153600,1,0,1862305757810000,1862305757985000,1862305862835000
361,PUT,longline.txt,160008,1,0,1862305757956000,1862305776053000,1862305776881000
362,GET,medium.txt,30720,1,0,1862305758112000,1862305758505000,1862305776044000
363,PUT,longline.txt,160008,1,0,1862305758165000,1862305794988000,1862305795802000
364,PUT,longline.txt,160008,1,0,1862305758674000,1862305796513000,1862305797626000
365,PUT,medium.txt,30720,1,0,1862305759844000,1862305760735000,1862305761082000
366,GET,large.txt,153600,1,0,1862305760864000,1862305761084000,1862305866591000
367,GET,longline.txt,160008,1,0,1862305761184000,1862305797629000,1862305798355000
368,GET,large.txt,153600,1,0,1862305776272000,1862305776883000,1862305880948000
369,PUT,medium.txt,30720,1,0,1862305777139000,1862305793749000,1862305794351000
370,PUT,large.txt,153600,1,0,1862305794147000,1862305794354000,1862305794986000
371,PUT,longline.txt,160008,1,0,1862305794604000,1862305799802000,1862305800300000
372,PUT,medium.txt,30720,1,0,1862305795208000,1862305795810000,1862305796495000
373,PUT,longline.txt,160008,1,0,1862305796112000,1862305801743000,1862305802561000
374,GET,longline.txt,160008,1,0,1862305796709000,1862305820398000,1862305821411000
375,GET,small.txt,1024,1,0,1862305797942000,1862305798357000,1862305798845000
376,PUT,small.txt,1024,1,0,1862305798603000,1862305798848000,1862305799148000
377,GET,small.txt,1024,1,0,1862305799066000,1862305799150000,1862305799799000
378,GET,longline.txt,160008,1,0,1862305799263000,1862305822132000,1862305823357000
379,GET,small.txt,1024,1,0,1862305799970000,1862305800302000,1862305801027000
380,PUT,large.txt,153600,1,0,1862305800553000,1862305801033000,1862305801735000
381,PUT,longline.txt,160008,1,0,1862305801206000,1862305851279000,1862305852067000
382,GET,small.txt,1024,1,0,1862305801773000,1862305802563000,1862305803053000
383,GET,small.txt,1024,1,0,1862305802700000,1862305803055000,1862305803604000
384,GET,medium.txt,30720,1,0,1862305803237000,1862305803607000,1862305820394000
385,GET,longline.txt,160008,1,0,1862305803905000,1862305852648000,1862305853562000
386,PUT,medium.txt,30720,1,0,1862305820659000,1862305821413000,1862305821839000
387,PUT,small.txt,1024,1,0,1862305821554000,1862305821841000,1862305822124000
388,PUT,longline.txt,160008,1,0,1862305822013000,1862305855512000,1862305856617000
389,PUT,large.txt,153600,1,0,1862305822337000,1862305823366000,1862305824625000
390,PUT,small.txt,1024,1,0,1862305823980000,1862305824664000,1862305825404000
391,PUT,medium.txt,30720,1,0,1862305825143000,1862305825407000,1862305826974000
392,GET,medium.txt,30720,1,0,1862305825556000,1862305826976000,1862305851274000
393,PUT,longline.txt,160008,1,0,1862305827921000,1862305858244000,1862305858994000
394,PUT,medium.txt,30720,1,0,1862305851522000,1862305852089000,1862305852409000
395,PUT,small.txt,1024,1,0,1862305852324000,1862305852412000,1862305852646000
396,GET,longline.txt,160008,1,0,1862305852593000,1862305864511000,1862305865499000
397,PUT,medium.txt,30720,1,0,1862305852905000,1862305853564000,1862305853862000
398,GET,small.txt,1024,1,0,1862305853751000,1862305853863000,1862305854371000
399,PUT,large.txt,153600,1,0,1862305854064000,1862305854378000,1862305855221000
400,PUT,medium.txt,30720,1,0,1862305854548000,1862305855224000,1862305855509000
401,PUT,medium.txt,30720,1,0,1862305855550000,1862305856620000,1862305857622000
402,PUT,longline.txt,160008,1,0,1862305855779000,1862305865970000,1862305867075000
403,PUT,small.txt,1024,1,0,1862305857257000,1862305857625000,1862305858235000
404,PUT,longline.txt,160008,1,0,1862305858078000,1862305866594000,1862305867274000
405,PUT,large.txt,153600,1,0,1862305858433000,1862305858996000,1862305859558000
406,PUT,small.txt,1024,1,0,1862305859229000,1862305859560000,1862305859858000
407,GET,medium.txt,30720,1,0,1862305859677000,1862305859864000,1862305880085000
408,PUT,large.txt,153600,1,0,1862305860238000,1862305862837000,1862305863475000
409,GET,small.txt,1024,1,0,1862305862989000,1862305863483000,1862305864495000
410,PUT,longline.txt,160008,1,0,1862305863861000,1862305868937000,1862305869810000
411,PUT,large.txt,153600,1,0,1862305864790000,1862305865501000,1862305865961000
412,PUT,longline.txt,160008,1,0,1862305865864000,1862305880953000,1862305881575000
413,PUT,longline.txt,160008,1,0,1862305866180000,1862305898300000,1862305898885000
414,GET,medium.txt,30720,1,0,1862305866748000,1862305867078000,1862305883966000
415,GET,small.txt,1024,1,0,1862305867268000,1862305867277000,1862305867797000
416,PUT,large.txt,153600,1,0,1862305867506000,1862305867798000,1862305868257000
417,PUT,medium.txt,30720,1,0,1862305867991000,1862305868258000,1862305868930000
418,PUT,longline.txt,160008,1,0,1862305868572000,1862305968343000,1862305969572000
419,PUT,medium.txt,30720,1,0,1862305869105000,1862305869813000,1862305870116000
420,PUT,large.txt,153600,1,0,1862305869960000,1862305870118000,1862305871059000
421,GET,large.txt,153600,1,0,1862305870287000,1862305871060000,1862305968334000
422,PUT,large.txt,153600,1,0,1862305871265000,1862305880088000,1862305880847000
423,GET,medium.txt,30720,1,0,1862305880273000,1862305880849000,1862305898297000
424,GET,large.txt,153600,1,0,1862305881032000,1862305881578000,1862305972172000
425,GET,large.txt,153600,1,0,1862305881114000,1862305884736000,1862305973048000
426,GET,small.txt,1024,1,0,1862305881794000,1862305884050000,1862305884733000
427,PUT,longline.txt,160008,1,0,1862305884247000,1862305969792000,1862305970223000
428,GET,longline.txt,160008,1,0,1862305884847000,1862305970225000,1862305971243000
429,GET,small.txt,1024,1,0,1862305898459000,1862305898887000,1862305899381000
430,GET,large.txt,153600,1,0,1862305899012000,1862305899383000,1862305987826000
431,PUT,longline.txt,160008,1,0,1862305899680000,1862305971247000,1862305971867000
432,PUT,small.txt,1024,1,0,1862305968749000,1862305969575000,1862305969790000
433,GET,longline.txt,160008,1,0,1862305969726000,1862305972174000,1862305973085000
434,GET,longline.txt,160008,1,0,1862305969917000,1862305973055000,1862305974489000
435,GET,longline.txt,160008,1,0,1862305970300000,1862305973087000,1862305974043000
436,PUT,small.txt,1024,1,0,1862305971414000,1862305971869000,1862305972090000
437,PUT,medium.txt,30720,1,0,1862305972063000,1862305972093000,1862305973020000
438,GET,medium.txt,30720,1,0,1862305972201000,1862305973022000,1862305986495000
439,PUT,longline.txt,160008,1,0,1862305972453000,1862305988243000,1862305988846000
440,GET,medium.txt,30720,1,0,1862305973168000,1862305974400000,1862305986925000
441,PUT,small.txt,1024,1,0,1862305973247000,1862305974046000,1862305974396000
442,GET,longline.txt,160008,1,0,1862305973255000,1862305989566000,1862305990769000
443,GET,large.txt,153600,1,0,1862305974411000,1862305974492000,1862306051649000
444,PUT,large.txt,153600,1,0,1862305974560000,1862305986500000,1862305986924000
445,GET,large.txt,153600,1,0,1862305974593000,1862305986927000,1862306073547000
446,GET,medium.txt,30720,1,0,1862305986662000,1862305986926000,1862305999798000
447,GET,longline.txt,160008,1,0,1862305987035000,1862305991972000,1862305992845000
448,PUT,large.txt,153600,1,0,1862305987131000,1862305987828000,1862305988241000
449,PUT,longline.txt,160008,1,0,1862305988093000,1862305993424000,1862305993849000
450,GET,small.txt,1024,1,0,1862305988387000,1862305988849000,1862305989313000
451,PUT,medium.txt,30720,1,0,1862305989094000,1862305989315000,1862305989562000
452,PUT,longline.txt,160008,1,0,1862305989591000,1862306000945000,1862306001897000
453,GET,small.txt,1024,1,0,1862305989679000,1862305990771000,1862305991153000
454,GET,small.txt,1024,1,0,1862305990965000,1862305991155000,1862305991566000
455,GET,small.txt,1024,1,0,1862305991305000,1862305991569000,1862305991970000
456,GET,longline.txt,160008,1,0,1862305991706000,1862306026675000,1862306027755000
457,PUT,small.txt,1024,1,0,1862305992091000,1862305992854000,1862305993205000
458,PUT,small.txt,1024,1,0,1862305992931000,1862305993207000,1862305993422000
459,PUT,large.txt,153600,1,0,1862305993504000,1862305999811000,1862306000937000
460,GET,medium.txt,30720,1,0,1862305993529000,1862305993850000,1862306006232000
461,GET,longline.txt,160008,1,0,1862305994017000,1862306073559000,1862306075194000
462,PUT,longline.txt,160008,1,0,1862305999932000,1862306157733000,1862306158623000
463,GET,large.txt,153600,1,0,1862306001066000,1862306001899000,1862306095900000
464,GET,small.txt,1024,1,0,1862306002074000,1862306006239000,1862306006831000
465,PUT,large.txt,153600,1,0,1862306006436000,1862306006839000,1862306007560000
466,GET,medium.txt,30720,1,0,1862306007014000,1862306007562000,1862306026673000
467,GET,longline.txt,160008,1,0,1862306007684000,1862306175020000,1862306175926000
468,PUT,large.txt,153600,1,0,1862306026868000,1862306027763000,1862306029015000
469,GET,large.txt,153600,1,0,1862306027922000,1862306029026000,1862306124791000
470,GET,large.txt,153600,1,0,1862306029134000,1862306051660000,1862306157721000
471,GET,longline.txt,160008,1,0,1862306051800000,1862306177430000,1862306178642000
472,PUT,small.txt,1024,1,0,1862306074312000,1862306075200000,1862306075837000
473,GET,large.txt,153600,1,0,1862306075477000,1862306075844000,1862306177425000
474,GET,medium.txt,30720,1,0,1862306075986000,1862306095904000,1862306113253000
475,PUT,small.txt,1024,1,0,1862306096064000,1862306113257000,1862306113597000
476,GET,large.txt,153600,1,0,1862306113452000,1862306113599000,1862306219713000
477,PUT,small.txt,1024,1,0,1862306113735000,1862306124800000,1862306125488000
478,PUT,medium.txt,30720,1,0,1862306124945000,1862306125496000,1862306125930000
479,GET,small.txt,1024,1,0,1862306125597000,1862306125933000,1862306126965000
480,GET,large.txt,153600,1,0,1862306126119000,1862306126974000,1862306231743000
481,GET,longline.txt,160008,1,0,1862306127110000,1862306192797000,1862306193581000
482,GET,medium.txt,30720,1,0,1862306157958000,1862306158626000,1862306173633000
483,GET,small.txt,1024,1,0,1862306158783000,1862306173643000,1862306174377000
484,PUT,large.txt,153600,1,0,1862306174150000,1862306174380000,1862306175011000
485,GET,longline.txt,160008,1,0,1862306174518000,1862306194905000,1862306195985000
486,GET,medium.txt,30720,1,0,1862306175123000,1862306175928000,1862306192788000
487,GET,longline.txt,160008,1,0,1862306176063000,1862306231751000,1862306232670000
488,GET,small.txt,1024,1,0,1862306177601000,1862306178644000,1862306179160000
489,PUT,large.txt,153600,1,0,1862306178921000,1862306179162000,1862306179924000
490,GET,small.txt,1024,1,0,1862306179313000,1862306179925000,1862306180426000
491,GET,small.txt,1024,1,0,1862306180062000,1862306180428000,1862306181360000
492,PUT,small.txt,1024,1,0,1862306180526000,1862306181361000,1862306181603000
493,GET,large.txt,153600,1,0,1862306181477000,1862306181604000,1862306301026000
494,PUT,longline.txt,160008,1,0,1862306181755000,1862306233376000,1862306234235000
495,PUT,large.txt,153600,1,0,1862306193095000,1862306193584000,1862306194112000
496,PUT,small.txt,1024,1,0,1862306193778000,1862306194114000,1862306194371000
497,GET,small.txt,1024,1,0,1862306194240000,1862306194374000,1862306194903000
498,GET,longline.txt,160008,1,0,1862306194456000,1862306239159000,1862306243005000
499,GET,medium.txt,30720,1,0,1862306194972000,1862306195994000,1862306211826000
500,GET,large.txt,153600,1,0,1862306196063000,1862306211831000,1862306335372000
501,GET,medium.txt,30720,1,0,1862306212017000,1862306219717000,1862306235596000
502,PUT,longline.txt,160008,1,0,1862306220000000,1862306301030000,1862306302319000
503,PUT,medium.txt,30720,1,0,1862306232273000,1862306232672000,1862306233373000
504,PUT,large.txt,153600,1,0,1862306233548000,1862306234635000,1862306239158000
505,PUT,small.txt,1024,1,0,1862306233960000,1862306234237000,1862306234633000
506,GET,longline.txt,160008,1,0,1862306234594000,1862306303000000,1862306304400000
507,PUT,small.txt,1024,1,0,1862306235161000,1862306235602000,1862306238141000
508,GET,large.txt,153600,1,0,1862306235682000,1862306238143000,1862306354849000
509,GET,longline.txt,160008,1,0,1862306238250000,1862306305665000,1862306306472000
510,GET,medium.txt,30720,1,0,1862306240383000,1862306243008000,1862306259485000
511,PUT,large.txt,153600,1,0,1862306243306000,1862306259490000,1862306261440000
512,GET,large.txt,153600,1,0,1862306259607000,1862306261443000,1862306365373000
513,GET,longline.txt,160008,1,0,1862306261755000,1862306335719000,1862306336838000
514,PUT,medium.txt,30720,1,0,1862306301267000,1862306302328000,1862306302991000
515,GET,longline.txt,160008,1,0,1862306302544000,1862306342371000,1862306343464000
516,PUT,large.txt,153600,1,0,1862306303187000,1862306304401000,1862306304996000
517,PUT,large.txt,153600,1,0,1862306304633000,1862306305004000,1862306305663000
518,GET,longline.txt,160008,1,0,1862306305095000,1862306355741000,1862306356522000
519,GET,medium.txt,30720,1,0,1862306305819000,1862306306474000,1862306323465000
520,GET,medium.txt,30720,1,0,1862306306694000,1862306323484000,1862306341626000
521,PUT,small.txt,1024,1,0,1862306323884000,1862306335374000,1862306335716000
522,PUT,longline.txt,160008,1,0,1862306335689000,1862306355981000,1862306356483000
523,GET,medium.txt,30720,1,0,1862306335815000,1862306336840000,1862306355652000
524,PUT,large.txt,153600,1,0,1862306336980000,1862306341629000,1862306342362000
525,PUT,longline.txt,160008,1,0,1862306341801000,1862306356524000,1862306357856000
526,GET,small.txt,1024,1,0,1862306342547000,1862306343474000,1862306344606000
527,PUT,small.txt,1024,1,0,1862306343667000,1862306344613000,1862306344989000
528,GET,small.txt,1024,1,0,1862306344682000,1862306344991000,1862306345731000
529,GET,large.txt,153600,1,0,1862306345096000,1862306345738000,1862306449652000
530,PUT,large.txt,153600,1,0,1862306345887000,1862306354854000,1862306355469000
531,PUT,small.txt,1024,1,0,1862306355007000,1862306355471000,1862306355739000
532,PUT,medium.txt,30720,1,0,1862306355569000,1862306355654000,1862306355979000
533,PUT,longline.txt,160008,1,0,1862306355810000,1862306385218000,1862306385671000
534,PUT,large.txt,153600,1,0,1862306356050000,1862306356485000,1862306357596000
535,PUT,longline.txt,160008,1,0,1862306356243000,1862306394557000,1862306395188000
536,GET,small.txt,1024,1,0,1862306356701000,1862306357598000,1862306358109000
537,GET,small.txt,1024,1,0,1862306356705000,1862306357860000,1862306358495000
538,PUT,large.txt,153600,1,0,1862306357867000,1862306358111000,1862306358619000
539,GET,large.txt,153600,1,0,1862306357961000,1862306358497000,1862306458873000
540,PUT,large.txt,153600,1,0,1862306358258000,1862306384734000,1862306385216000
541,GET,medium.txt,30720,1,0,1862306358614000,1862306358627000,1862306376685000
542,PUT,medium.txt,30720,1,0,1862306358786000,1862306365375000,1862306365894000
543,PUT,small.txt,1024,1,0,1862306365562000,1862306365897000,1862306366135000
544,GET,medium.txt,30720,1,0,1862306365987000,1862306366137000,1862306384433000
545,GET,medium.txt,30720,1,0,1862306366314000,1862306376695000,1862306394554000
546,PUT,small.txt,1024,1,0,1862306376842000,1862306384437000,1862306384732000
547,PUT,longline.txt,160008,1,0,1862306384682000,1862306396824000,1862306397340000
548,GET,longline.txt,160008,1,0,1862306384830000,1862306398024000,1862306398962000
549,PUT,medium.txt,30720,1,0,1862306385338000,1862306385673000,1862306386005000
550,PUT,large.txt,153600,1,0,1862306385959000,1862306386007000,1862306386480000
551,PUT,large.txt,153600,1,0,1862306386272000,1862306386482000,1862306387350000
552,GET,small.txt,1024,1,0,1862306386800000,1862306387351000,1862306388253000
553,GET,medium.txt,30720,1,0,1862306387523000,1862306388255000,1862306407648000
554,PUT,longline.txt,160008,1,0,1862306388408000,1862306399448000,1862306399993000
555,GET,small.txt,1024,1,0,1862306394691000,1862306395191000,1862306396019000
556,PUT,medium.txt,30720,1,0,1862306395406000,1862306396021000,1862306396531000
557,PUT,medium.txt,30720,1,0,1862306396190000,1862306396532000,1862306396822000
558,GET,longline.txt,160008,1,0,1862306396671000,1862306399995000,1862306400763000
559,PUT,medium.txt,30720,1,0,1862306397100000,1862306397342000,1862306397698000
560,PUT,medium.txt,30720,1,0,1862306397430000,1862306397700000,1862306398022000
561,PUT,longline.txt,160008,1,0,1862306398211000,1862306401333000,1862306402534000
562,PUT,small.txt,1024,1,0,1862306398301000,1862306398970000,1862306399445000
563,PUT,longline.txt,160008,1,0,1862306399215000,1862306407660000,1862306408877000
564,PUT,longline.txt,160008,1,0,1862306399677000,1862306409680000,1862306410185000
565,GET,small.txt,1024,1,0,1862306400090000,1862306400765000,1862306401328000
566,PUT,longline.txt,160008,1,0,1862306400932000,1862306450764000,1862306451263000
567,GET,large.txt,153600,1,0,1862306401448000,1862306402535000,1862306502252000
568,GET,longline.txt,160008,1,0,1862306402668000,1862306451495000,1862306452399000
569,GET,small.txt,1024,1,0,1862306407899000,1862306408880000,1862306409678000
570,PUT,longline.txt,160008,1,0,1862306409089000,1862306459288000,1862306459888000
571,PUT,large.txt,153600,1,0,1862306409871000,1862306410187000,1862306410578000
572,GET,small.txt,1024,1,0,1862306410279000,1862306410580000,1862306411305000
573,GET,medium.txt,30720,1,0,1862306410733000,1862306411319000,1862306430804000
574,PUT,small.txt,1024,1,0,1862306411410000,1862306430807000,1862306431125000
575,PUT,large.txt,153600,1,0,1862306431086000,1862306431128000,1862306431581000
576,PUT,medium.txt,30720,1,0,1862306431329000,1862306431583000,1862306431902000
577,GET,large.txt,153600,1,0,1862306431661000,1862306431904000,1862306533834000
578,PUT,small.txt,1024,1,0,1862306432028000,1862306449664000,1862306450397000
579,PUT,small.txt,1024,1,0,1862306449817000,1862306450405000,1862306450759000
580,GET,longline.txt,160008,1,0,1862306450515000,1862306470728000,1862306471816000
581,PUT,small.txt,1024,1,0,1862306450933000,1862306451265000,1862306451493000
582,PUT,longline.txt,160008,1,0,1862306451485000,1862306494052000,1862306494824000
583,PUT,medium.txt,30720,1,0,1862306451770000,1862306452403000,1862306452709000
584,GET,medium.txt,30720,1,0,1862306452581000,1862306452711000,1862306470718000
585,PUT,medium.txt,30720,1,0,1862306452918000,1862306458880000,1862306459286000
586,GET,longline.txt,160008,1,0,1862306459105000,1862306494830000,1862306496052000
587,GET,large.txt,153600,1,0,1862306459500000,1862306459891000,1862306552178000
588,GET,longline.txt,160008,1,0,1862306460047000,1862306496055000,1862306497102000
589,PUT,large.txt,153600,1,0,1862306470899000,1862306471819000,1862306472703000
590,GET,small.txt,1024,1,0,1862306471979000,1862306472707000,1862306473173000
591,GET,medium.txt,30720,1,0,1862306472856000,1862306473174000,1862306493396000
592,PUT,medium.txt,30720,1,0,1862306473334000,1862306493401000,1862306493790000
593,PUT,small.txt,1024,1,0,1862306493639000,1862306493792000,1862306494049000
594,GET,longline.txt,160008,1,0,1862306493926000,1862306503428000,1862306504403000
595,PUT,longline.txt,160008,1,0,1862306494329000,1862306521199000,1862306521861000
596,GET,longline.txt,160008,1,0,1862306494977000,1862306533837000,1862306534718000
597,PUT,large.txt,153600,1,0,1862306496312000,1862306497103000,1862306497573000
598,GET,large.txt,153600,1,0,1862306497310000,1862306497576000,1862306595023000
599,PUT,medium.txt,30720,1,0,1862306497950000,1862306502259000,1862306502823000
600,PUT,large.txt,153600,1,0,1862306502626000,1862306502825000,1862306503426000
601,GET,longline.txt,160008,1,0,1862306503028000,1862306536696000,1862306537669000
602,PUT,medium.txt,30720,1,0,1862306503565000,1862306504405000,1862306504724000
603,GET,medium.txt,30720,1,0,1862306504570000,1862306504725000,1862306520849000
604,PUT,medium.txt,30720,1,0,1862306504850000,1862306520855000,1862306521197000
605,PUT,longline.txt,160008,1,0,1862306521113000,1862306552182000,1862306553172000
606,GET,large.txt,153600,1,0,1862306521398000,1862306521863000,1862306614437000
607,PUT,longline.txt,160008,1,0,1862306522071000,1862306553178000,1862306553608000
608,GET,small.txt,1024,1,0,1862306533972000,1862306534720000,1862306535191000
609,PUT,small.txt,1024,1,0,1862306534969000,1862306535193000,1862306535486000
610,PUT,medium.txt,30720,1,0,1862306535395000,1862306535489000,1862306536068000
611,PUT,medium.txt,30720,1,0,1862306535697000,1862306536070000,1862306536421000
612,PUT,medium.txt,30720,1,0,1862306536239000,1862306536423000,1862306536688000
613,PUT,longline.txt,160008,1,0,1862306536792000,1862306553610000,1862306554411000
614,GET,large.txt,153600,1,0,1862306536837000,1862306537683000,1862306638109000
615,PUT,longline.txt,160008,1,0,1862306537930000,1862306597477000,1862306598179000
616,PUT,longline.txt,160008,1,0,1862306552329000,1862306598181000,1862306598656000
617,PUT,longline.txt,160008,1,0,1862306553451000,1862306598659000,1862306599142000
618,GET,large.txt,153600,1,0,1862306553831000,1862306554413000,1862306651872000
619,GET,small.txt,1024,1,0,1862306554521000,1862306595057000,1862306595569000
620,PUT,large.txt,153600,1,0,1862306595405000,1862306595571000,1862306596070000
621,GET,small.txt,1024,1,0,1862306595730000,1862306596072000,1862306596613000
622,GET,small.txt,1024,1,0,1862306596277000,1862306596622000,1862306597475000
623,GET,longline.txt,160008,1,0,1862306596792000,1862306600042000,1862306600866000
624,GET,longline.txt,160008,1,0,1862306597650000,1862306614440000,1862306615132000
625,GET,longline.txt,160008,1,0,1862306598299000,1862306622735000,1862306624270000
626,PUT,large.txt,153600,1,0,1862306598946000,1862306599144000,1862306599560000
627,PUT,medium.txt,30720,1,0,1862306599319000,1862306599562000,1862306600041000
628,GET,longline.txt,160008,1,0,1862306599714000,1862306639651000,1862306640970000
629,GET,medium.txt,30720,1,0,1862306600158000,1862306600868000,1862306621706000
630,GET,longline.txt,160008,1,0,1862306600974000,1862306641755000,1862306642635000
631,GET,small.txt,1024,1,0,1862306614569000,1862306615134000,1862306615529000
632,GET,large.txt,153600,1,0,1862306615204000,1862306615531000,1862306720866000
633,PUT,medium.txt,30720,1,0,1862306615633000,1862306621715000,1862306622186000
634,GET,small.txt,1024,1,0,1862306621848000,1862306622189000,1862306622727000
635,GET,longline.txt,160008,1,0,1862306622307000,1862306642643000,1862306644104000
636,GET,small.txt,1024,1,0,1862306622852000,1862306624272000,1862306624798000
637,PUT,large.txt,153600,1,0,1862306624438000,1862306624800000,1862306625250000
638,GET,medium.txt,30720,1,0,1862306624981000,1862306625252000,1862306643020000
639,GET,small.txt,1024,1,0,1862306625401000,1862306638111000,1862306638612000
640,PUT,medium.txt,30720,1,0,1862306638353000,1862306638613000,1862306639163000
641,PUT,medium.txt,30720,1,0,1862306638747000,1862306639173000,1862306639643000
642,GET,longline.txt,160008,1,0,1862306639263000,1862306643672000,1862306645011000
643,PUT,large.txt,153600,1,0,1862306639780000,1862306640977000,1862306641749000
644,PUT,longline.txt,160008,1,0,1862306641224000,1862306644107000,1862306644893000
645,GET,longline.txt,160008,1,0,1862306641828000,1862306645014000,1862306645871000
646,GET,small.txt,1024,1,0,1862306642713000,1862306643031000,1862306643670000
647,PUT,longline.txt,160008,1,0,1862306643139000,1862306653848000,1862306654496000
648,PUT,longline.txt,160008,1,0,1862306643904000,1862306680360000,1862306680849000
649,GET,medium.txt,30720,1,0,1862306644229000,1862306644900000,1862306664095000
650,PUT,small.txt,1024,1,0,1862306645084000,1862306645873000,1862306646094000
651,GET,small.txt,1024,1,0,1862306645134000,1862306646096000,1862306646992000
652,GET,large.txt,153600,1,0,1862306646031000,1862306647000000,1862306747931000
653,PUT,large.txt,153600,1,0,1862306646339000,1862306653174000,1862306653604000
654,PUT,small.txt,1024,1,0,1862306647085000,1862306651875000,1862306652124000
655,PUT,medium.txt,30720,1,0,1862306652076000,1862306652128000,1862306652504000
656,GET,small.txt,1024,1,0,1862306652232000,1862306652506000,1862306653171000
657,PUT,longline.txt,160008,1,0,1862306652820000,1862306681303000,1862306681760000
658,PUT,small.txt,1024,1,0,1862306653312000,1862306653605000,1862306653846000
659,PUT,longline.txt,160008,1,0,1862306653850000,1862306703135000,1862306704038000
660,GET,medium.txt,30720,1,0,1862306653963000,1862306654498000,1862306679270000
661,GET,large.txt,153600,1,0,1862306654629000,1862306664098000,1862306773139000
662,PUT,small.txt,1024,1,0,1862306664208000,1862306679275000,1862306679902000
663,GET,small.txt,1024,1,0,1862306679390000,1862306679904000,1862306680357000
664,PUT,longline.txt,160008,1,0,1862306680091000,1862306705034000,1862306705548000
665,GET,small.txt,1024,1,0,1862306680502000,1862306680881000,1862306681301000
666,PUT,longline.txt,160008,1,0,1862306680987000,1862306705556000,1862306706918000
667,PUT,large.txt,153600,1,0,1862306681440000,1862306681762000,1862306682436000
668,GET,medium.txt,30720,1,0,1862306681882000,1862306682455000,1862306703131000
669,GET,longline.txt,160008,1,0,1862306682547000,1862306708728000,1862306710344000
670,GET,small.txt,1024,1,0,1862306703355000,1862306704041000,1862306704530000
671,PUT,large.txt,153600,1,0,1862306704264000,1862306704532000,1862306705032000
672,PUT,longline.txt,160008,1,0,1862306704852000,1862306711009000,1862306711533000
673,GET,longline.txt,160008,1,0,1862306705186000,1862306711535000,1862306712385000
674,PUT,large.txt,153600,1,0,1862306705750000,1862306706926000,1862306707645000
675,GET,small.txt,1024,1,0,1862306707233000,1862306707651000,1862306708348000
676,PUT,medium.txt,30720,1,0,1862306707854000,1862306708351000,1862306708720000
677,PUT,longline.txt,160008,1,0,1862306708600000,1862306721823000,1862306722327000
678,GET,small.txt,1024,1,0,1862306708807000,1862306710349000,1862306711007000
679,PUT,longline.txt,160008,1,0,1862306710500000,1862306722328000,1862306722895000
680,GET,longline.txt,160008,1,0,1862306711115000,1862306763576000,1862306764383000
681,GET,large.txt,153600,1,0,1862306711608000,1862306712387000,1862306815325000
682,PUT,medium.txt,30720,1,0,1862306712479000,1862306720870000,1862306721187000
683,GET,small.txt,1024,1,0,1862306720968000,1862306721189000,1862306721821000
684,GET,longline.txt,160008,1,0,1862306721286000,1862306783883000,1862306785193000
685,PUT,longline.txt,160008,1,0,1862306722031000,1862306815331000,1862306815962000
686,GET,large.txt,153600,1,0,1862306722510000,1862306722897000,1862306827385000
687,GET,medium.txt,30720,1,0,1862306723001000,1862306747934000,1862306763572000
688,PUT,longline.txt,160008,1,0,1862306748111000,1862306843703000,1862306844507000
689,GET,medium.txt,30720,1,0,1862306763718000,1862306764386000,1862306783118000
690,GET,large.txt,153600,1,0,1862306764501000,1862306773143000,1862306878654000
691,PUT,small.txt,1024,1,0,1862306773485000,1862306783126000,1862306783876000
692,GET,longline.txt,160008,1,0,1862306783210000,1862306868858000,1862306870305000
693,GET,large.txt,153600,1,0,1862306784116000,1862306785196000,1862306894308000
694,GET,longline.txt,160008,1,0,1862306785302000,1862306870312000,1862306871379000
695,PUT,large.txt,153600,1,0,1862306815620000,1862306815964000,1862306816863000
696,GET,large.txt,153600,1,0,1862306816084000,1862306816865000,1862306921692000
697,GET,medium.txt,30720,1,0,1862306817009000,1862306827388000,1862306843694000
698,GET,longline.txt,160008,1,0,1862306827526000,1862306873122000,1862306874608000
699,GET,medium.txt,30720,1,0,1862306843883000,1862306844510000,1862306868473000
700,PUT,small.txt,1024,1,0,1862306844627000,1862306868477000,1862306868855000
701,PUT,longline.txt,160008,1,0,1862306868759000,1862306875293000,1862306876117000
702,GET,longline.txt,160008,1,0,1862306868943000,1862306879902000,1862306881066000
703,PUT,small.txt,1024,1,0,1862306870547000,1862306871382000,1862306871725000
704,PUT,large.txt,153600,1,0,1862306871721000,1862306871726000,1862306872543000
705,PUT,small.txt,1024,1,0,1862306871978000,1862306872551000,1862306873119000
706,GET,longline.txt,160008,1,0,1862306872660000,1862306881805000,1862306882648000
707,GET,small.txt,1024,1,0,1862306873260000,1862306874616000,1862306875291000
708,GET,longline.txt,160008,1,0,1862306874745000,1862306882650000,1862306883488000
709,GET,medium.txt,30720,1,0,1862306875484000,1862306876120000,1862306893811000
710,PUT,large.txt,153600,1,0,1862306876279000,1862306878669000,1862306879416000
711,PUT,small.txt,1024,1,0,1862306878739000,1862306879418000,1862306879897000
712,PUT,longline.txt,160008,1,0,1862306879544000,1862306894747000,1862306895339000
713,PUT,small.txt,1024,1,0,1862306880033000,1862306881069000,1862306881314000
714,GET,small.txt,1024,1,0,1862306881243000,1862306881316000,1862306881803000
715,GET,longline.txt,160008,1,0,1862306881397000,1862306927827000,1862306929515000
716,GET,longline.txt,160008,1,0,1862306881891000,1862306964519000,1862306965854000
717,GET,medium.txt,30720,1,0,1862306882741000,1862306883496000,1862306901294000
718,GET,small.txt,1024,1,0,1862306883608000,1862306893821000,1862306894597000
719,PUT,medium.txt,30720,1,0,1862306894046000,1862306894318000,1862306894744000
720,PUT,small.txt,1024,1,0,1862306894364000,1862306894600000,1862306895077000
721,GET,large.txt,153600,1,0,1862306894872000,1862306895080000,1862306998099000
722,GET,large.txt,153600,1,0,1862306894879000,1862306895341000,1862306994005000
723,GET,longline.txt,160008,1,0,1862306895185000,1862306994472000,1862306995671000
724,PUT,large.txt,153600,1,0,1862306895576000,1862306901305000,1862306902198000
725,PUT,large.txt,153600,1,0,1862306901476000,1862306902200000,1862306902706000
726,GET,medium.txt,30720,1,0,1862306902323000,1862306902708000,1862306927795000
727,PUT,large.txt,153600,1,0,1862306903011000,1862306921697000,1862306922309000
728,GET,large.txt,153600,1,0,1862306921899000,1862306922311000,1862307026349000
729,GET,longline.txt,160008,1,0,1862306922438000,1862306998110000,1862306998947000
730,GET,medium.txt,30720,1,0,1862306927933000,1862306929524000,1862306947770000
731,GET,medium.txt,30720,1,0,1862306929598000,1862306947782000,1862306964514000
732,GET,longline.txt,160008,1,0,1862306947864000,1862307000042000,1862307001399000
733,PUT,small.txt,1024,1,0,1862306964710000,1862306965857000,1862306966224000
734,GET,large.txt,153600,1,0,1862306966032000,1862306966226000,1862307069931000
735,GET,small.txt,1024,1,0,1862306966447000,1862306994010000,1862306994469000
736,GET,longline.txt,160008,1,0,1862306994256000,1862307001406000,1862307002400000
737,GET,medium.txt,30720,1,0,1862306994658000,1862306995683000,1862307014259000
738,PUT,longline.txt,160008,1,0,1862306995936000,1862307002402000,1862307002978000
739,PUT,large.txt,153600,1,0,1862306998490000,1862306998955000,1862306999785000
740,PUT,small.txt,1024,1,0,1862306999057000,1862306999787000,1862307000041000
741,GET,longline.txt,160008,1,0,1862306999899000,1862307002980000,1862307003816000
742,GET,longline.txt,160008,1,0,1862307000240000,1862307003817000,1862307004602000
743,GET,longline.txt,160008,1,0,1862307001534000,1862307015505000,1862307016639000
744,GET,longline.txt,160008,1,0,1862307002565000,1862307026356000,1862307027344000
745,PUT,longline.txt,160008,1,0,1862307003156000,1862307029255000,1862307029809000
746,PUT,medium.txt,30720,1,0,1862307003984000,1862307004605000,1862307004957000
747,PUT,medium.txt,30720,1,0,1862307004772000,1862307004965000,1862307005729000
748,GET,large.txt,153600,1,0,1862307005096000,1862307005734000,1862307111079000
749,PUT,medium.txt,30720,1,0,1862307005940000,1862307014263000,1862307014824000
750,PUT,medium.txt,30720,1,0,1862307014611000,1862307014827000,1862307015118000
751,PUT,medium.txt,30720,1,0,1862307015110000,1862307015120000,1862307015488000
752,GET,longline.txt,160008,1,0,1862307015254000,1862307031650000,1862307032648000
753,GET,large.txt,153600,1,0,1862307015571000,1862307016642000,1862307121120000
754,PUT,longline.txt,160008,1,0,1862307016959000,1862307033056000,1862307033765000
755,PUT,small.txt,1024,1,0,1862307026499000,1862307027353000,1862307028001000
756,GET,small.txt,1024,1,0,1862307027419000,1862307028009000,1862307028737000
757,PUT,large.txt,153600,1,0,1862307028227000,1862307028740000,1862307029253000
758,PUT,longline.txt,160008,1,0,1862307028944000,1862307074583000,1862307075620000
759,GET,small.txt,1024,1,0,1862307029377000,1862307029812000,1862307030319000
760,PUT,medium.txt,30720,1,0,1862307029961000,1862307030322000,1862307030634000
761,PUT,medium.txt,30720,1,0,1862307030474000,1862307030635000,1862307030941000
762,PUT,small.txt,1024,1,0,1862307030794000,1862307030948000,1862307031359000
763,PUT,small.txt,1024,1,0,1862307031268000,1862307031362000,1862307031639000
764,GET,longline.txt,160008,1,0,1862307031444000,1862307075626000,1862307076710000
765,PUT,medium.txt,30720,1,0,1862307031765000,1862307032651000,1862307033055000
766,PUT,medium.txt,30720,1,0,1862307033275000,1862307033768000,1862307034194000
767,PUT,large.txt,153600,1,0,1862307033560000,1862307034854000,1862307035714000
768,GET,small.txt,1024,1,0,1862307033927000,1862307034196000,1862307034844000
769,PUT,large.txt,153600,1,0,1862307034610000,1862307035716000,1862307036595000
770,GET,large.txt,153600,1,0,1862307034926000,1862307037658000,1862307139322000
771,PUT,medium.txt,30720,1,0,1862307035920000,1862307036600000,1862307037102000
772,PUT,small.txt,1024,1,0,1862307036885000,1862307037108000,1862307037655000
773,PUT,large.txt,153600,1,0,1862307037436000,1862307070360000,1862307071290000
774,PUT,medium.txt,30720,1,0,1862307037850000,1862307069934000,1862307070358000
775,PUT,large.txt,153600,1,0,1862307070109000,1862307071295000,1862307072247000
776,GET,longline.txt,160008,1,0,1862307070573000,1862307112133000,1862307112967000
777,PUT,large.txt,153600,1,0,1862307071481000,1862307072251000,1862307073291000
778,PUT,large.txt,153600,1,0,1862307072602000,1862307073300000,1862307074576000
779,GET,longline.txt,160008,1,0,1862307074075000,1862307112969000,1862307113879000
780,PUT,longline.txt,160008,1,0,1862307074762000,1862307138822000,1862307139550000
781,GET,medium.txt,30720,1,0,1862307075905000,1862307076713000,1862307095097000
782,GET,large.txt,153600,1,0,1862307076890000,1862307095100000,1862307199560000
783,PUT,large.txt,153600,1,0,1862307095315000,1862307111188000,1862307112130000
784,PUT,longline.txt,160008,1,0,1862307111356000,1862307139330000,1862307140063000
785,PUT,longline.txt,160008,1,0,1862307112419000,1862307221143000,1862307222569000
786,PUT,large.txt,153600,1,0,1862307113174000,1862307113882000,1862307114431000
787,GET,small.txt,1024,1,0,1862307114066000,1862307114432000,1862307115120000
788,PUT,medium.txt,30720,1,0,1862307114765000,1862307115123000,1862307115421000
789,GET,large.txt,153600,1,0,1862307115271000,1862307115423000,1862307214519000
790,GET,medium.txt,30720,1,0,1862307115557000,1862307121135000,1862307138469000
791,PUT,small.txt,1024,1,0,1862307121216000,1862307138472000,1862307138819000
792,GET,longline.txt,160008,1,0,1862307138635000,1862307234959000,1862307236295000
793,PUT,longline.txt,160008,1,0,1862307139162000,1862307240646000,1862307241308000
794,GET,large.txt,153600,1,0,1862307139387000,1862307139552000,1862307237036000
795,GET,large.txt,153600,1,0,1862307139747000,1862307140067000,1862307234951000
796,GET,small.txt,1024,1,0,1862307140778000,1862307199571000,1862307200231000
797,GET,medium.txt,30720,1,0,1862307199721000,1862307200241000,1862307220033000
798,GET,small.txt,1024,1,0,1862307200412000,1862307214529000,1862307215226000
799,PUT,medium.txt,30720,1,0,1862307214805000,1862307215229000,1862307215689000
800,GET,medium.txt,30720,1,0,1862307215347000,1862307215693000,1862307234931000
801,GET,small.txt,1024,1,0,1862307215768000,1862307220044000,1862307221135000
802,GET,longline.txt,160008,1,0,1862307220177000,1862307254444000,1862307255337000
803,GET,medium.txt,30720,1,0,1862307221247000,1862307222571000,1862307239567000
804,GET,medium.txt,30720,1,0,1862307222818000,1862307234935000,1862307254160000
805,GET,medium.txt,30720,1,0,1862307235063000,1862307237038000,1862307256685000
806,PUT,small.txt,1024,1,0,1862307235075000,1862307236298000,1862307236644000
807,GET,small.txt,1024,1,0,1862307236423000,1862307236647000,1862307237254000
808,GET,medium.txt,30720,1,0,1862307236800000,1862307237257000,1862307259222000
809,GET,longline.txt,160008,1,0,1862307237163000,1862307282239000,1862307283326000
810,GET,small.txt,1024,1,0,1862307237389000,1862307239569000,1862307240644000
811,PUT,longline.txt,160008,1,0,1862307239765000,1862307285870000,1862307287074000
812,GET,medium.txt,30720,1,0,1862307240856000,1862307241310000,1862307260488000
813,PUT,medium.txt,30720,1,0,1862307241425000,1862307254163000,1862307254441000
814,PUT,longline.txt,160008,1,0,1862307254443000,1862307287075000,1862307288241000
815,PUT,large.txt,153600,1,0,1862307254648000,1862307255340000,1862307255919000
816,PUT,small.txt,1024,1,0,1862307255524000,1862307255921000,1862307256323000
817,GET,large.txt,153600,1,0,1862307256059000,1862307256330000,1862307362161000
818,GET,medium.txt,30720,1,0,1862307256681000,1862307256688000,1862307278759000
819,GET,large.txt,153600,1,0,1862307257044000,1862307259233000,1862307364935000
820,GET,small.txt,1024,1,0,1862307259303000,1862307260490000,1862307261462000
821,GET,medium.txt,30720,1,0,1862307260613000,1862307261464000,1862307282228000
822,PUT,small.txt,1024,1,0,1862307261616000,1862307278769000,1862307279445000
823,PUT,medium.txt,30720,1,0,1862307279071000,1862307279456000,1862307280129000
824,PUT,medium.txt,30720,1,0,1862307279737000,1862307280135000,1862307280494000
825,GET,large.txt,153600,1,0,1862307280289000,1862307280497000,1862307385570000
826,PUT,longline.txt,160008,1,0,1862307280682000,1862307385574000,1862307386360000
827,PUT,large.txt,153600,1,0,1862307282370000,1862307283333000,1862307284199000
828,GET,small.txt,1024,1,0,1862307283545000,1862307284214000,1862307284723000
829,PUT,medium.txt,30720,1,0,1862307284336000,1862307284727000,1862307285169000
830,PUT,medium.txt,30720,1,0,1862307284913000,1862307285180000,1862307285590000
831,PUT,medium.txt,30720,1,0,1862307285242000,1862307285593000,1862307285867000
832,PUT,longline.txt,160008,1,0,1862307285740000,1862307393237000,1862307394147000
833,GET,longline.txt,160008,1,0,1862307286107000,1862307480805000,1862307481759000
834,GET,large.txt,153600,1,0,1862307287550000,1862307288244000,1862307393227000
835,PUT,small.txt,1024,1,0,1862307288437000,1862307362167000,1862307362539000
836,PUT,small.txt,1024,1,0,1862307362327000,1862307362542000,1862307362782000
837,PUT,medium.txt,30720,1,0,1862307362696000,1862307362790000,1862307363631000
838,GET,large.txt,153600,1,0,1862307362917000,1862307363664000,1862307456482000
839,GET,medium.txt,30720,1,0,1862307363790000,1862307364946000,1862307381348000
840,PUT,large.txt,153600,1,0,1862307365077000,1862307381352000,1862307382481000
841,PUT,large.txt,153600,1,0,1862307381561000,1862307382483000,1862307383466000
842,GET,medium.txt,30720,1,0,1862307382668000,1862307383468000,1862307399664000
843,GET,longline.txt,160008,1,0,1862307383579000,1862307495153000,1862307496229000
844,GET,large.txt,153600,1,0,1862307385738000,1862307386362000,1862307480340000
845,GET,longline.txt,160008,1,0,1862307386511000,1862307522212000,1862307524946000
846,GET,large.txt,153600,1,0,1862307393384000,1862307394155000,1862307493705000
847,PUT,large.txt,153600,1,0,1862307394363000,1862307399666000,1862307400314000
848,GET,small.txt,1024,1,0,1862307399790000,1862307400322000,1862307401199000
849,GET,medium.txt,30720,1,0,1862307400470000,1862307401206000,1862307417363000
850,PUT,medium.txt,30720,1,0,1862307401341000,1862307417367000,1862307417888000
851,GET,medium.txt,30720,1,0,1862307417519000,1862307417895000,1862307436112000
852,PUT,large.txt,153600,1,0,1862307418049000,1862307436117000,1862307436700000
853,PUT,small.txt,1024,1,0,1862307436339000,1862307436702000,1862307437184000
854,GET,large.txt,153600,1,0,1862307436923000,1862307437186000,1862307581519000
855,PUT,medium.txt,30720,1,0,1862307437406000,1862307456486000,1862307457259000
856,GET,small.txt,1024,1,0,1862307457120000,1862307457275000,1862307458021000
857,GET,small.txt,1024,1,0,1862307457814000,1862307458031000,1862307458766000
858,GET,large.txt,153600,1,0,1862307458205000,1862307458772000,1862307606826000
859,PUT,small.txt,1024,1,0,1862307458869000,1862307480344000,1862307480795000
860,PUT,longline.txt,160008,1,0,1862307480732000,1862307524958000,1862307539580000
861,GET,large.txt,153600,1,0,1862307480935000,1862307481761000,1862307629432000
862,PUT,small.txt,1024,1,0,1862307482087000,1862307493716000,1862307495138000
863,PUT,longline.txt,160008,1,0,1862307494095000,1862307651661000,1862307652464000
864,GET,medium.txt,30720,1,0,1862307495303000,1862307496232000,1862307511199000
865,GET,longline.txt,160008,1,0,1862307496444000,1862307711110000,1862307712046000
866,GET,large.txt,153600,1,0,1862307538844000,1862307539588000,1862307649094000
867,PUT,large.txt,153600,1,0,1862307538990000,1862307581530000,1862307582778000
868,GET,large.txt,153600,1,0,1862307539760000,1862307582790000,1862307676531000
869,GET,large.txt,153600,1,0,1862307581695000,1862307606838000,1862307703705000
870,PUT,large.txt,153600,1,0,1862307582986000,1862307629436000,1862307630312000
871,PUT,large.txt,153600,1,0,1862307607609000,1862307631021000,1862307631799000
872,GET,small.txt,1024,1,0,1862307629611000,1862307630315000,1862307631012000
873,PUT,large.txt,153600,1,0,1862307630616000,1862307649104000,1862307649802000
874,PUT,medium.txt,30720,1,0,1862307631188000,1862307631802000,1862307632529000
875,GET,medium.txt,30720,1,0,1862307631929000,1862307632539000,1862307650999000
876,PUT,large.txt,153600,1,0,1862307632622000,1862307649810000,1862307650805000
877,GET,longline.txt,160008,1,0,1862307649230000,1862307713066000,1862307714368000
878,PUT,medium.txt,30720,1,0,1862307650084000,1862307650811000,1862307651609000
879,PUT,small.txt,1024,1,0,1862307650983000,1862307651002000,1862307651295000
880,PUT,medium.txt,30720,1,0,1862307651266000,1862307651298000,1862307651654000
881,GET,small.txt,1024,1,0,1862307651426000,1862307651611000,1862307652043000
882,GET,large.txt,153600,1,0,1862307651783000,1862307652473000,1862307750502000
883,GET,small.txt,1024,1,0,1862307651815000,1862307652045000,1862307652470000
884,PUT,small.txt,1024,1,0,1862307652142000,1862307652466000,1862307652673000
885,GET,medium.txt,30720,1,0,1862307652638000,1862307652675000,1862307669584000
886,GET,longline.txt,160008,1,0,1862307652660000,1862307726269000,1862307727166000
887,GET,small.txt,1024,1,0,1862307652769000,1862307669589000,1862307670069000
888,PUT,large.txt,153600,1,0,1862307669787000,1862307670071000,1862307670739000
889,GET,small.txt,1024,1,0,1862307670289000,1862307670740000,1862307671653000
890,GET,large.txt,153600,1,0,1862307670932000,1862307671656000,1862307762428000
891,GET,medium.txt,30720,1,0,1862307671849000,1862307676534000,1862307693180000
892,GET,medium.txt,30720,1,0,1862307676649000,1862307693183000,1862307711107000
893,PUT,small.txt,1024,1,0,1862307693291000,1862307703710000,1862307704290000
894,PUT,small.txt,1024,1,0,1862307703793000,1862307704292000,1862307704822000
895,PUT,large.txt,153600,1,0,1862307704608000,1862307704828000,1862307705520000
896,GET,medium.txt,30720,1,0,1862307704979000,1862307705522000,1862307722283000
897,PUT,longline.txt,160008,1,0,1862307705683000,1862307762437000,1862307763710000
898,PUT,small.txt,1024,1,0,1862307711331000,1862307712049000,1862307712322000
899,PUT,small.txt,1024,1,0,1862307712143000,1862307712324000,1862307712535000
900,PUT,small.txt,1024,1,0,1862307712505000,1862307712536000,1862307713059000
901,PUT,longline.txt,160008,1,0,1862307712663000,1862307804272000,1862307805134000
902,GET,large.txt,153600,1,0,1862307713185000,1862307714370000,1862307808244000
903,PUT,large.txt,153600,1,0,1862307714723000,1862307722291000,1862307723363000
904,GET,small.txt,1024,1,0,1862307722406000,1862307723365000,1862307723920000
905,PUT,large.txt,153600,1,0,1862307723700000,1862307723929000,1862307724591000
906,PUT,large.txt,153600,1,0,1862307724149000,1862307724594000,1862307725118000
907,PUT,small.txt,1024,1,0,1862307724774000,1862307725120000,1862307725373000
908,GET,small.txt,1024,1,0,1862307725240000,1862307725379000,1862307726047000
909,PUT,small.txt,1024,1,0,1862307725562000,1862307726049000,1862307726266000
910,PUT,longline.txt,160008,1,0,1862307726305000,1862307841161000,1862307841894000
911,GET,large.txt,153600,1,0,1862307726366000,1862307727168000,1862307826202000
912,GET,medium.txt,30720,1,0,1862307727240000,1862307750506000,1862307769591000
913,GET,longline.txt,160008,1,0,1862307750582000,1862307861383000,1862307862460000
914,GET,small.txt,1024,1,0,1862307762560000,1862307763720000,1862307764507000
915,GET,large.txt,153600,1,0,1862307763911000,1862307764509000,1862307860854000
916,GET,medium.txt,30720,1,0,1862307765429000,1862307769599000,1862307788439000
917,GET,small.txt,1024,1,0,1862307769845000,1862307788448000,1862307789177000
918,GET,medium.txt,30720,1,0,1862307788543000,1862307789180000,1862307804269000
919,PUT,longline.txt,160008,1,0,1862307789366000,1862307863924000,1862307864621000
920,PUT,medium.txt,30720,1,0,1862307804515000,1862307805137000,1862307805544000
921,PUT,medium.txt,30720,1,0,1862307805322000,1862307805547000,1862307805848000
922,GET,large.txt,153600,1,0,1862307805670000,1862307805850000,1862307901156000
923,GET,large.txt,153600,1,0,1862307805954000,1862307808248000,1862307906744000
924,GET,medium.txt,30720,1,0,1862307808578000,1862307826207000,1862307841151000
925,PUT,longline.txt,160008,1,0,1862307826456000,1862307865706000,1862307866339000
926,PUT,medium.txt,30720,1,0,1862307841445000,1862307841896000,1862307842478000
927,GET,large.txt,153600,1,0,1862307842089000,1862307842481000,1862307930615000
928,PUT,small.txt,1024,1,0,1862307842641000,1862307860858000,1862307861158000
929,PUT,small.txt,1024,1,0,1862307860976000,1862307861162000,1862307861380000
930,GET,longline.txt,160008,1,0,1862307861339000,1862307866616000,1862307867624000
931,GET,small.txt,1024,1,0,1862307861455000,1862307862463000,1862307862990000
932,PUT,small.txt,1024,1,0,1862307862720000,1862307862991000,1862307863215000
933,GET,small.txt,1024,1,0,1862307863122000,1862307863216000,1862307863922000
934,PUT,longline.txt,160008,1,0,1862307863391000,1862307901161000,1862307901962000
935,GET,small.txt,1024,1,0,1862307864032000,1862307864628000,1862307865697000
936,PUT,longline.txt,160008,1,0,1862307864852000,1862307901965000,1862307902576000
937,PUT,medium.txt,30720,1,0,1862307865852000,1862307866342000,1862307866610000
938,PUT,longline.txt,160008,1,0,1862307866693000,1862307904417000,1862307905028000
939,GET,large.txt,153600,1,0,1862307866749000,1862307867626000,1862307956328000
940,PUT,longline.txt,160008,1,0,1862307867990000,1862307934514000,1862307935353000
941,PUT,longline.txt,160008,1,0,1862307901483000,1862307953862000,1862307954419000
942,PUT,large.txt,153600,1,0,1862307902151000,1862307902584000,1862307903429000
943,GET,small.txt,1024,1,0,1862307902808000,1862307903434000,1862307904371000
944,PUT,longline.txt,160008,1,0,1862307903698000,1862307971776000,1862307972492000
945,GET,large.txt,153600,1,0,1862307904541000,1862307905031000,1862307989382000
946,PUT,small.txt,1024,1,0,1862307905118000,1862307906750000,1862307907199000
947,GET,medium.txt,30720,1,0,1862307907077000,1862307907208000,1862307919768000
948,GET,medium.txt,30720,1,0,1862307907318000,1862307919770000,1862307933208000
949,GET,large.txt,153600,1,0,1862307919924000,1862307930619000,1862308017919000
950,PUT,large.txt,153600,1,0,1862307930880000,1862307933211000,1862307934506000
951,GET,longline.txt,160008,1,0,1862307933710000,1862307989966000,1862307991122000
952,PUT,small.txt,1024,1,0,1862307934919000,1862307935356000,1862307935634000
953,GET,medium.txt,30720,1,0,1862307935470000,1862307935636000,1862307953257000
954,GET,small.txt,1024,1,0,1862307935763000,1862307953260000,1862307953859000
955,GET,longline.txt,160008,1,0,1862307953446000,1862308017928000,1862308018877000
956,GET,medium.txt,30720,1,0,1862307954028000,1862307954421000,1862307971450000
957,GET,medium.txt,30720,1,0,1862307954567000,1862307956337000,1862307974042000
958,PUT,medium.txt,30720,1,0,1862307956514000,1862307971455000,1862307971772000
959,GET,longline.txt,160008,1,0,1862307971660000,1862308028636000,1862308029938000
960,GET,large.txt,153600,1,0,1862307971976000,1862307972494000,1862308071532000
961,GET,medium.txt,30720,1,0,1862307972593000,1862307974050000,1862307991663000
962,PUT,medium.txt,30720,1,0,1862307974501000,1862307989386000,1862307989960000
963,PUT,longline.txt,160008,1,0,1862307989764000,1862308030983000,1862308031454000
964,GET,large.txt,153600,1,0,1862307990389000,1862307991124000,1862308083670000
965,PUT,large.txt,153600,1,0,1862307991291000,1862307991666000,1862307992857000
966,GET,medium.txt,30720,1,0,1862307991884000,1862307992863000,1862308009811000
967,GET,medium.txt,30720,1,0,1862307992969000,1862308009815000,1862308028630000
968,GET,longline.txt,160008,1,0,1862308009987000,1862308071542000,1862308072740000
969,GET,small.txt,1024,1,0,1862308018035000,1862308018880000,1862308019563000
970,GET,large.txt,153600,1,0,1862308018996000,1862308019565000,1862308115721000
971,GET,longline.txt,160008,1,0,1862308019777000,1862308072749000,1862308074192000
972,PUT,medium.txt,30720,1,0,1862308028799000,1862308029940000,1862308030337000
973,GET,small.txt,1024,1,0,1862308030131000,1862308030339000,1862308030981000
974,GET,longline.txt,160008,1,0,1862308030423000,1862308115725000,1862308116740000
975,GET,small.txt,1024,1,0,1862308031140000,1862308031456000,1862308031931000
976,GET,small.txt,1024,1,0,1862308031562000,1862308031934000,1862308032658000
977,GET,large.txt,153600,1,0,1862308032007000,1862308032666000,1862308123061000
978,PUT,longline.txt,160008,1,0,1862308032845000,1862308116748000,1862308117605000
979,PUT,longline.txt,160008,1,0,1862308071855000,1862308118051000,1862308118798000
980,PUT,large.txt,153600,1,0,1862308073388000,1862308074195000,1862308074781000
981,GET,medium.txt,30720,1,0,1862308074403000,1862308074783000,1862308091508000
982,GET,medium.txt,30720,1,0,1862308074973000,1862308083680000,1862308101688000
983,GET,small.txt,1024,1,0,1862308083891000,1862308091512000,1862308092191000
984,PUT,small.txt,1024,1,0,1862308091757000,1862308092196000,1862308092538000
985,GET,small.txt,1024,1,0,1862308092340000,1862308092547000,1862308093197000
986,GET,large.txt,153600,1,0,1862308092616000,1862308093205000,1862308153600000
987,GET,small.txt,1024,1,0,1862308093350000,1862308101693000,1862308102429000
988,GET,small.txt,1024,1,0,1862308101839000,1862308102431000,1862308102940000
989,PUT,medium.txt,30720,1,0,1862308102639000,1862308102942000,1862308103281000
990,PUT,medium.txt,30720,1,0,1862308103183000,1862308103283000,1862308103563000
991,PUT,small.txt,1024,1,0,1862308103521000,1862308103565000,1862308103785000
992,GET,medium.txt,30720,1,0,1862308103717000,1862308103788000,1862308118668000
993,PUT,longline.txt,160008,1,0,1862308104067000,1862308118672000,1862308119833000
994,PUT,longline.txt,160008,1,0,1862308115918000,1862308118801000,1862308119639000
995,PUT,small.txt,1024,1,0,1862308116994000,1862308117607000,1862308118049000
996,GET,longline.txt,160008,1,0,1862308118090000,1862308119913000,1862308120848000
997,PUT,longline.txt,160008,1,0,1862308118801000,1862308120506000,1862308121176000
998,GET,longline.txt,160008,1,0,1862308119042000,1862308121111000,1862308121948000
999,PUT,small.txt,1024,1,0,1862308119057000,1862308119641000,1862308119911000
1000,GET,small.txt,1024,1,0,1862308119768000,1862308119835000,1862308120484000
1001,GET,longline.txt,160008,1,0,1862308119981000,1862308121179000,1862308122266000
1002,PUT,longline.txt,160008,1,0,1862308120137000,1862308121950000,1862308122710000
1003,PUT,small.txt,1024,1,0,1862308120676000,1862308120850000,1862308121109000
1004,PUT,longline.txt,160008,1,0,1862308121040000,1862308122268000,1862308122846000
